parameter_set,step_size,max_iter,num_iterations,rrt_algorithm,gamma_kf,mean_path_length,std_path_length,mean_nodes,mean_nodes_per_ideal_path,mean_success_percentage,mean_total_time,std_nodes,std_success_percentage,std_total_time
parameter_set_1_RRTStar_solovey,0.1,1000,50,RRTStar_solovey,1,6.683025809113907,0.357452877372559,867.64,19.1,100.0,3.9500604486465454,33.11541031000522,0.0,0.2374162059380986
parameter_set_2_RRTStar_solovey,0.1,1000,50,RRTStar_solovey,3,6.567563753711384,0.4205172589164199,862.02,10.7,100.0,13.10917010307312,30.713834016612125,0.0,0.880161465238396
parameter_set_3_RRTStar_solovey,0.1,1000,50,RRTStar_solovey,5,6.392782548261408,0.275815853941973,865.72,8.18,100.0,25.162546548843384,27.34010972911411,0.0,1.6569452535062295
parameter_set_4_RRTStar_solovey,0.1,5000,50,RRTStar_solovey,1,6.589838000132044,0.24139551134245243,4355.22,18.86,100.0,64.2218407535553,37.37608326189356,0.0,1.6337822274412193
parameter_set_5_RRTStar_solovey,0.1,5000,50,RRTStar_solovey,3,6.3895791174517695,0.31087589219962425,4342.54,10.54,100.0,146.3629652070999,48.121184524074216,0.0,2.5785369044361697
