parameter_set,step_size,max_iter,num_iterations,rrt_algorithm,gamma_kf,mean_path_length,std_path_length,mean_success_percentage,std_success_percentage,mean_time_per_iteration,std_time_per_iteration,mean_nodes_per_ideal_path,std_nodes_per_ideal_path
1,0.1,5000,100,<class 'RRT_star.class_rrt_solovey.RRTStar_solovey'>,1,13.643278272600663,0.8622142767135038,100.0,0.0,38.49839678049088,1.8903083729188799,39.87,3.986615105575155
2,0.1,5000,100,<class 'RRT_star.class_rrt_solovey.RRTStar_solovey'>,3,13.388028583912247,0.9718837640648799,100.0,0.0,87.1306877064705,3.3824627492547648,21.42,2.4297324955640693
3,0.1,5000,100,<class 'RRT_star.class_rrt_informed.IRRT'>,1,13.98611943414651,1.1050639434719354,99.0,9.9498743710662,50.19706238508225,6.977442388978135,41.61616161616162,5.038652759463176
